[
  {
    "name": "1v1lol",
    "image": "logo.png",
    "url": "1v1lol",
    "new": false
  },
  {
    "name": "1v1space",
    "image": "splash.png",
    "url": "1v1space",
    "new": false
  },
  {
    "name": "10 Minutes Till Dawn",
    "image": "splash.png",
    "url": "10-minutes-till-dawn",
    "new": false
  },
  {
    "name": "100ng",
    "image": "100ng.jpg",
    "url": "100ng",
    "new": false
  },
  {
    "name": "2048",
    "image": "2048.png",
    "url": "2048",
    "new": false
  },
  {
    "name": "2048 Multitask",
    "image": "splash.png",
    "url": "2048-multitask",
    "new": false
  },
  {
    "name": "9007199254740992",
    "image": "logo-4.png",
    "url": "9007199254740992",
    "new": false
  },
  {
    "name": "DogeMiner",
    "image": "favicon.ico",
    "url": "DogeMiner",
    "new": false
  },
  {
    "name": "HexGL",
    "image": "icon.png",
    "url": "HexGL",
    "new": false
  },
  {
    "name": "Offline Paradise",
    "image": "assets/icon.jpeg",
    "url": "OfflineParadise",
    "new": false
  },
  {
    "name": "Stickman Survival",
    "image": "Icon.png",
    "url": "Stickman-Survival",
    "new": false
  },
  {
    "name": "A Dance of Fire and Ice",
    "image": "splash.png",
    "url": "a-dance-of-fire-and-ice",
    "new": false
  },
  {
    "name": "Achievement Unlocked",
    "image": "achievementunlocked.png",
    "url": "achievementunlocked",
    "new": false
  },
  {
    "name": "A Dark Room",
    "image": "splash.png",
    "url": "adarkroom",
    "new": false
  },
  {
    "name": "Adrenaline Challenge",
    "image": "adrenalinechallenge.jpg",
    "url": "adrenalinechallenge",
    "new": false
  },
  {
    "name": "Adventure Drivers",
    "image": "splash.png",
    "url": "adventure-drivers",
    "new": false
  },
  {
    "name": "Ages of Conflict",
    "image": "splash.jpg",
    "url": "ages-of-conflict",
    "new": false
  },
  {
    "name": "Alien Hominid",
    "image": "alienhominid.jpg",
    "url": "alienhominid",
    "new": false
  },
  {
    "name": "Align 4",
    "image": "board.png",
    "url": "align-4",
    "new": false
  },
  {
    "name": "Amidst the Clouds",
    "image": "splash.png",
    "url": "amidst-the-clouds",
    "new": false
  },
  {
    "name": "Among Us",
    "image": "red.png",
    "url": "among-us",
    "new": false
  },
  {
    "name": "Angry Sharks",
    "image": "assets/img/splash.png",
    "url": "angry-sharks",
    "new": false
  },
  {
    "name": "Aquapark Slides",
    "image": "splash.png",
    "url": "aquapark-slides",
    "new": false
  },
  {
    "name": "Astray",
    "image": "splash.png",
    "url": "astray",
    "new": false
  },
  {
    "name": "Avalanche",
    "image": "avalanche.png",
    "url": "avalanche",
    "new": false
  },
  {
    "name": "Awesome Tanks 2",
    "image": "awesometanks2.jpg",
    "url": "awesometanks2",
    "new": false
  },
  {
    "name": "Backrooms",
    "image": "img/splash.jpg",
    "url": "backrooms",
    "new": false
  },
  {
    "name": "Bad Ice Cream",
    "image": "bad-ice-cream.png",
    "url": "bad-ice-cream",
    "new": false
  },
  {
    "name": "Bad Ice Cream 2",
    "image": "bad-ice-cream-2.png",
    "url": "bad-ice-cream-2",
    "new": false
  },
  {
    "name": "Bad Ice Cream 3",
    "image": "bad-ice-cream-3.png",
    "url": "bad-ice-cream-3",
    "new": false
  },
  {
    "name": "Baldi's Basics",
    "image": "splash.png",
    "url": "baldis-basics",
    "new": false
  },
  {
    "name": "Ballistic Chickens",
    "image": "logo.png",
    "url": "ballistic-chickens",
    "new": false
  },
  {
    "name": "Basket Random",
    "image": "splash.jpeg",
    "url": "basket-random",
    "new": false
  },
  {
    "name": "Basketball Stars",
    "image": "assets/images/basketball-stars.png",
    "url": "basketball-stars",
    "new": false
  },
  {
    "name": "Basketbros.io",
    "image": "thumb.jpg",
    "url": "basketbros-io",
    "new": false
  },
  {
    "name": "Battle for Gondor",
    "image": "battleforgondor.JPG",
    "url": "battleforgondor",
    "new": false
  },
  {
    "name": "Big Red Button",
    "image": "bigredbutton.png",
    "url": "bigredbutton",
    "new": false
  },
  {
    "name": "BitLife",
    "image": "splash.png",
    "url": "bitlife",
    "new": false
  },
  {
    "name": "Black Hole Square",
    "image": "icon.png",
    "url": "blacholesquare",
    "new": false
  },
  {
    "name": "Black Knight",
    "image": "blackknight.png",
    "url": "blackknight",
    "new": false
  },
  {
    "name": "Bloons TD",
    "image": "bloonstd.jpg",
    "url": "bloonstd",
    "new": false
  },
  {
    "name": "Bloons TD 2",
    "image": "bloonstd2.png",
    "url": "bloonstd2",
    "new": false
  },
  {
    "name": "Bloxors",
    "image": "title.png",
    "url": "bloxors",
    "new": false
  },
  {
    "name": "BNTTS",
    "image": "icons/icon-256.png",
    "url": "bntts",
    "new": false
  },
  {
    "name": "Bob the Robber 2",
    "image": "splash.jpeg",
    "url": "bobtherobber2",
    "new": false
  },
  {
    "name": "Boxhead 2 Play",
    "image": "boxhead2play.jpg",
    "url": "boxhead2play",
    "new": false
  },
  {
    "name": "Boxing Random",
    "image": "512x512.jpg",
    "url": "boxing-random",
    "new": false
  },
  {
    "name": "Breaking the Bank",
    "image": "breakingthebank.png",
    "url": "breakingthebank",
    "new": false
  },
  {
    "name": "BTTS",
    "image": "images.png",
    "url": "btts",
    "new": false
  },
  {
    "name": "Burger and Frights",
    "image": "splash.png",
    "url": "burger-and-frights",
    "new": false
  },
  {
    "name": "Cannon Basketball 4",
    "image": "img/splash.png",
    "url": "cannon-basketball-4",
    "new": false
  },
  {
    "name": "Canyon Defense",
    "image": "canyondefense.png",
    "url": "canyondefense",
    "new": false
  },
  {
    "name": "Cars Simulator",
    "image": "splash.png",
    "url": "cars-simulator",
    "new": false
  },
  {
    "name": "Cell Machine",
    "image": "img/te9nDu.png",
    "url": "cell-machine",
    "new": false
  },
  {
    "name": "Champion Island",
    "image": "splash.png",
    "url": "champion-island",
    "new": false
  },
  {
    "name": "Champion Archer",
    "image": "championarcher.png",
    "url": "championarcher",
    "new": false
  },
  {
    "name": "Chill Radio",
    "image": "img/chill-icon.png",
    "url": "chill-radio",
    "new": false
  },
  {
    "name": "Chrome Dino",
    "image": "images/default_100_percent/offline/100-error-offline.png",
    "url": "chrome-dino",
    "new": false
  },
  {
    "name": "Circlo",
    "image": "img/download.png",
    "url": "circlo",
    "new": false
  },
  {
    "name": "Cluster Rush",
    "image": "splash.png",
    "url": "cluster-rush",
    "new": false
  },
  {
    "name": "CN Ping Pong",
    "image": "tabletennisultimate.png",
    "url": "cnpingpong",
    "new": false
  },
  {
    "name": "Connect 3",
    "image": "connect3.png",
    "url": "connect3",
    "new": false
  },
  {
    "name": "Cookie Clicker",
    "image": "cookie1.jpeg",
    "url": "cookie-clicker",
    "new": false
  },
  {
    "name": "Core Ball",
    "image": "pr_source.png",
    "url": "core-ball",
    "new": false
  },
  {
    "name": "Craftmine",
    "image": "images/animal-sheet0.png",
    "url": "craftmine",
    "new": false
  },
  {
    "name": "Creative Kill Chamber",
    "image": "creativekillchamber.jpg",
    "url": "creativekillchamber",
    "new": false
  },
  {
    "name": "Crossy Road",
    "image": "crossyroad.png",
    "url": "crossyroad",
    "new": false
  },
  {
    "name": "CS:GO Clicker",
    "image": "images/case1.png",
    "url": "csgo-clicker",
    "new": false
  },
  {
    "name": "CTR",
    "image": "logo.png",
    "url": "ctr",
    "new": false
  },
  {
    "name": "CTR Holiday",
    "image": "favicon.ico",
    "url": "ctr-holiday",
    "new": false
  },
  {
    "name": "CTR TR",
    "image": "logo.png",
    "url": "ctr-tr",
    "new": false
  },
  {
    "name": "Cubefield",
    "image": "assets/unnamed.png",
    "url": "cubefield",
    "new": false
  },
  {
    "name": "Cupcake 2048",
    "image": "favicon.ico",
    "url": "cupcake2048",
    "new": false
  },
  {
    "name": "Dante",
    "image": "splash.png",
    "url": "dante",
    "new": false
  },
  {
    "name": "Deal or No Deal",
    "image": "index.jpg",
    "url": "deal-or-no-deal",
    "new": false
  },
  {
    "name": "Death Run 3D",
    "image": "img/death.png",
    "url": "death-run-3d",
    "new": false
  },
  {
    "name": "Defend the Tank",
    "image": "images/splash.jpg",
    "url": "defend-the-tank",
    "new": false
  },
  {
    "name": "Doctor Acorn 2",
    "image": "splash.jpg",
    "url": "doctor-acorn2",
    "new": false
  },
  {
    "name": "Doge 2048",
    "image": "doge1.jpeg",
    "url": "doge2048",
    "new": false
  },
  {
    "name": "Doodle Jump",
    "image": "doodle.png",
    "url": "doodle-jump",
    "new": false
  },
  {
    "name": "Double Wires",
    "image": "doublewires.png",
    "url": "doublewires",
    "new": false
  },
  {
    "name": "Dragon vs. Bricks",
    "image": "splash.png",
    "url": "dragon-vs-bricks",
    "new": false
  },
  {
    "name": "Draw the Hill",
    "image": "icons/icon-512.png",
    "url": "draw-the-hill",
    "new": false
  },
  {
    "name": "Drift Boss",
    "image": "media/cover-start.jpg",
    "url": "drift-boss",
    "new": false
  },
  {
    "name": "Drift Hunters",
    "image": "drift-hunters.png",
    "url": "drift-hunters",
    "new": false
  },
  {
    "name": "Drive Mad",
    "image": "logo.jpg",
    "url": "drive-mad",
    "new": false
  },
  {
    "name": "Duck Life 1",
    "image": "ducklife.png",
    "url": "ducklife1",
    "new": false
  },
  {
    "name": "Duck Life 2",
    "image": "ducklife2.png",
    "url": "ducklife2",
    "new": false
  },
  {
    "name": "Duck Life 3",
    "image": "duck.png",
    "url": "ducklife3",
    "new": false
  },
  {
    "name": "Duck Life 4",
    "image": "splash.jpg",
    "url": "ducklife4",
    "new": false
  },
  {
    "name": "Edge Surf",
    "image": "splash.png",
    "url": "edge-surf",
    "new": false
  },
  {
    "name": "Edge Not Found",
    "image": "edge.png",
    "url": "edgenotfound",
    "new": false
  },
  {
    "name": "Eel Slap",
    "image": "eel-slap.png",
    "url": "eel-slap",
    "new": false
  },
  {
    "name": "Elastic Man",
    "image": "elasticman.jpg",
    "url": "elasticman",
    "new": false
  },
  {
    "name": "Endless War 3",
    "image": "endlesswar3.png",
    "url": "endlesswar3",
    "new": false
  },
  {
    "name": "Escaping the Prison",
    "image": "escapingtheprison.jpg",
    "url": "escapingtheprison",
    "new": false
  },
  {
    "name": "Evil Glitch",
    "image": "evil.png",
    "url": "evil-glitch",
    "new": false
  },
  {
    "name": "Evolution",
    "image": "splash.png",
    "url": "evolution",
    "new": false
  },
  {
    "name": "Exo",
    "image": "img/small.jpg",
    "url": "exo",
    "new": false
  },
  {
    "name": "Factory Balls",
    "image": "images/splash.png",
    "url": "factoryballs",
    "new": false
  },
  {
    "name": "Fairsquares",
    "image": "index.icon.png",
    "url": "fairsquares",
    "new": false
  },
  {
    "name": "Fake Virus",
    "image": "icon.png",
    "url": "fake-virus",
    "new": false
  },
  {
    "name": "Fancy Pants Adventures",
    "image": "fancypantsadventure.png",
    "url": "fancypantsadventures",
    "new": false
  },
  {
    "name": "Fireboy and Watergirl: Forest Temple",
    "image": "logo.jpeg",
    "url": "fireboywatergirlforesttemple",
    "new": false
  },
  {
    "name": "Flappy 2048",
    "image": "favicon.ico",
    "url": "flappy-2048",
    "new": false
  },
  {
    "name": "Flappy Bird",
    "image": "img/thumb.png",
    "url": "flappybird",
    "new": false
  },
  {
    "name": "Flash Tetris",
    "image": "flashtetris.png",
    "url": "flashtetris",
    "new": false
  },
  {
    "name": "Flippy Fish",
    "image": "2022_10_28_0jt_Kleki.png",
    "url": "flippy-fish",
    "new": false
  },
  {
    "name": "Five Nights at Wario's (FNAW)",
    "image": "splash.png",
    "url": "FNAW",
    "new": false
  },
  {
    "name": "Friday Night Funkin'",
    "image": "fnf-icon.jpg",
    "url": "fridaynightfunkin",
    "new": false
  },
  {
    "name": "Froggy's Battle",
    "image": "splash.png",
    "url": "froggys-battle",
    "new": false
  },
  {
    "name": "Fruit Ninja",
    "image": "FruitNinjaTeaser.jpg",
    "url": "fruitninja",
    "new": false
  },
  {
    "name": "Frying Nemo",
    "image": "splash.png",
    "url": "frying-nemo",
    "new": false
  },
  {
    "name": "Game Inside",
    "image": "img/display.png",
    "url": "game-inside",
    "new": false
  },
  {
    "name": "Generic Fishing Game",
    "image": "splash.png",
    "url": "generic-fishing-game",
    "new": false
  },
  {
    "name": "Geo Dash",
    "image": "geoscratchicon.png",
    "url": "geodash",
    "new": false
  },
  {
    "name": "George and the Printer",
    "image": "img/SnDTEn.png",
    "url": "georgeandtheprinter",
    "new": false
  },
  {
    "name": "Getaway Shootout",
    "image": "img/images.jpg",
    "url": "getaway-shootout",
    "new": false
  },
  {
    "name": "Gimme the Airpod",
    "image": "img/logo.png",
    "url": "gimme-the-airpod",
    "new": false
  },
  {
    "name": "Glass City",
    "image": "image.png",
    "url": "glass-city",
    "new": false
  },
  {
    "name": "Go Ball",
    "image": "game.jpg",
    "url": "go-ball",
    "new": false
  },
  {
    "name": "Goodnight",
    "image": "goodnight.jpg",
    "url": "goodnight",
    "new": false
  },
  {
    "name": "Google Feud",
    "image": "splash.png",
    "url": "google-feud",
    "new": false
  },
  {
    "name": "Google Snake",
    "image": "img/snake.png",
    "url": "google-snake",
    "new": false
  },
  {
    "name": "Gravity Soccer",
    "image": "splash.png",
    "url": "gravity-soccer",
    "new": false
  },
  {
    "name": "Greybox",
    "image": "ico.png",
    "url": "greybox",
    "new": false
  },
  {
    "name": "Grindcraft",
    "image": "img/splash.png",
    "url": "grindcraft",
    "new": false
  },
  {
    "name": "Hacker Type",
    "image": "logo192.png",
    "url": "hackertype",
    "new": false
  },
  {
    "name": "Handshakes",
    "image": "splaher.png",
    "url": "handshakes",
    "new": false
  },
  {
    "name": "Happy Hop",
    "image": "splash.png",
    "url": "happy-hop",
    "new": false
  },
  {
    "name": "HBA",
    "image": "hoverbotarena.JPG",
    "url": "hba",
    "new": false
  },
  {
    "name": "Helicopter",
    "image": "helicopter.png",
    "url": "helicopter",
    "new": false
  },
  {
    "name": "Hex Empire",
    "image": "hexempire.jpg",
    "url": "hexempire",
    "new": false
  },
  {
    "name": "Hextris",
    "image": "images/hextris-logo.png",
    "url": "hextris",
    "new": false
  },
  {
    "name": "Hungry Lamu",
    "image": "splash.png",
    "url": "hungry-lamu",
    "new": false
  },
  {
    "name": "Idle Breakout",
    "image": "img/thumbnail.png",
    "url": "idle-breakout",
    "new": false
  },
  {
    "name": "Idle Shark",
    "image": "img/sharkgame.png",
    "url": "idle-shark",
    "new": false
  },
  {
    "name": "Impossible Quiz",
    "image": "impossiblequiz.png",
    "url": "impossiblequiz",
    "new": false
  },
  {
    "name": "Interactive Buddy",
    "image": "interactivebuddy.jpg",
    "url": "interactivebuddy",
    "new": false
  },
  {
    "name": "Jetpack Joyride",
    "image": "splash.jpg",
    "url": "jetpack-joyride",
    "new": false
  },
  {
    "name": "Just Fall",
    "image": "unnamed.png",
    "url": "just-fall",
    "new": false
  },
  {
    "name": "Just One Boss",
    "image": "pv1Gr5.png",
    "url": "just-one-boss",
    "new": false
  },
  {
    "name": "Kitchen Gun Game",
    "image": "splash.png",
    "url": "kitchen-gun-game",
    "new": false
  },
  {
    "name": "Kitten Cannon",
    "image": "kittencannon.png",
    "url": "kittencannon",
    "new": false
  },
  {
    "name": "Knife Master",
    "image": "512x512.jpg",
    "url": "knife-master",
    "new": false
  },
  {
    "name": "Krunker",
    "image": "img/krunker-io.jpg",
    "url": "krunker",
    "new": false
  },
  {
    "name": "Learn to Fly",
    "image": "learntofly.png",
    "url": "learntofly",
    "new": false
  },
  {
    "name": "Learn to Fly 2",
    "image": "learn-to-fly-2.jpg",
    "url": "learntofly2",
    "new": false
  },
  {
    "name": "Madalin Stunt Cars 2",
    "image": "img/logo.jpg",
    "url": "madalin-stunt-cars-2",
    "new": false
  },
  {
    "name": "Madalin Stunt Cars 3",
    "image": "img/index.jpg",
    "url": "madalin-stunt-cars-3",
    "new": false
  },
  {
    "name": "Mario",
    "image": "Theme/Mario.gif",
    "url": "mario",
    "new": false
  },
  {
    "name": "Marvin Spectrum",
    "image": "marvinspectrum.png",
    "url": "marvinspectrum",
    "new": false
  },
  {
    "name": "Matrix Rampage",
    "image": "matrixrampage.jpg",
    "url": "matrixrampage",
    "new": false
  },
  {
    "name": "Meme 2048",
    "image": "img/hot.gif",
    "url": "meme2048",
    "new": false
  },
  {
    "name": "Merge Round Racers",
    "image": "splash.png",
    "url": "merge-round-racers",
    "new": false
  },
  {
    "name": "Mine Blocks",
    "image": "splash.png",
    "url": "mineblocks",
    "new": false
  },
  {
    "name": "Minecraft 1.5",
    "image": "splash.jpeg",
    "url": "minecraft-15",
    "new": false
  },
  {
    "name": "Minecraft 1.8",
    "image": "splash.png",
    "url": "minecraft-18",
    "new": false
  },
  {
    "name": "Minecraft Classic",
    "image": "pack.png",
    "url": "minecraft-classic",
    "new": false
  },
  {
    "name": "Minecraft Beta",
    "image": "bg_main.png",
    "url": "minecraftbeta",
    "new": false
  },
  {
    "name": "Minesweeper",
    "image": "img/minesweeper.png",
    "url": "minesweeper",
    "new": false
  },
  {
    "name": "Mini Putt",
    "image": "miniputt.png",
    "url": "miniputt",
    "new": false
  },
  {
    "name": "Missiles",
    "image": "miss.png",
    "url": "missiles",
    "new": false
  },
  {
    "name": "Moto X3M",
    "image": "splash.jpg",
    "url": "motox3m",
    "new": false
  },
  {
    "name": "Moto X3M Pool",
    "image": "splash.jpg",
    "url": "motox3m-pool",
    "new": false
  },
  {
    "name": "Moto X3M Spooky",
    "image": "splash.jpeg",
    "url": "motox3m-spooky",
    "new": false
  },
  {
    "name": "Moto X3M Winter",
    "image": "download.jpeg",
    "url": "motox3m-winter",
    "new": false
  },
  {
    "name": "Moto X3M 2",
    "image": "",
    "url": "motox3m2",
    "new": false
  },
  {
    "name": "My Rusty Submarine",
    "image": "splash.png",
    "url": "my-rusty-submarine",
    "new": false
  },
  {
    "name": "N-Gon",
    "image": "img/n-gonbot.png",
    "url": "n-gon",
    "new": false
  },
  {
    "name": "Ninja",
    "image": "logo1.png",
    "url": "ninja",
    "new": false
  },
  {
    "name": "Ninja vs Evil Corp",
    "image": "splash.png",
    "url": "ninjavsevilcorp",
    "new": false
  },
  {
    "name": "Noob Steve Parkour",
    "image": "512x512.jpg",
    "url": "noob-steve-parkour",
    "new": false
  },
  {
    "name": "NS Shaft",
    "image": "favicon.png",
    "url": "ns-shaft",
    "new": false
  },
  {
    "name": "NS Resurgence",
    "image": "neon.png",
    "url": "nsresurgence",
    "new": false
  },
  {
    "name": "Om Bounce",
    "image": "assets/icon.jpeg",
    "url": "om-bounce",
    "new": false
  },
  {
    "name": "OVO",
    "image": "ovo3.png",
    "url": "ovo",
    "new": false
  },
  {
    "name": "Pandemic 2",
    "image": "pandemic2.png",
    "url": "pandemic2",
    "new": false
  },
  {
    "name": "Papa's Burgeria",
    "image": "splash.jpg",
    "url": "papasburgeria",
    "new": false
  },
  {
    "name": "Papa's Pizzeria",
    "image": "papaspizzaria.jpg",
    "url": "papaspizzaria",
    "new": false
  },
  {
    "name": "Paper.io 2",
    "image": "images/icon512.png",
    "url": "paperio2",
    "new": false
  },
  {
    "name": "Papery Planes",
    "image": "splash.jpg",
    "url": "papery-planes",
    "new": false
  },
  {
    "name": "Particle Clicker",
    "image": "assets/pc32@2x.png",
    "url": "particle-clicker",
    "new": false
  },
  {
    "name": "Pixel Gun Survival",
    "image": "512x512.png",
    "url": "pixel-gun-survival",
    "new": false
  },
  {
    "name": "Polybranch",
    "image": "img/pic1.png",
    "url": "polybranch",
    "new": false
  },
  {
    "name": "Popcat Classic",
    "image": "android-chrome-512x512.png",
    "url": "popcat-classic",
    "new": false
  },
  {
    "name": "Portal Flash",
    "image": "portaltheflashversion.jpg",
    "url": "portalflash",
    "new": false
  },
  {
    "name": "Precision Client",
    "image": "logo.png",
    "url": "precision-client",
    "new": false
  },
  {
    "name": "Protektor",
    "image": "splash.jpg",
    "url": "protektor",
    "new": false
  },
  {
    "name": "Push the Square",
    "image": "img/splash.png",
    "url": "push-the-square",
    "new": false
  },
  {
    "name": "Push Your Luck",
    "image": "assets/img/push.png",
    "url": "push-your-luck",
    "new": false
  },
  {
    "name": "Rabbit Samurai",
    "image": "splash.png",
    "url": "rabbit-samurai",
    "new": false
  },
  {
    "name": "Rabbit Samurai 2",
    "image": "splash.png",
    "url": "rabbit-samurai2",
    "new": false
  },
  {
    "name": "Resent Client",
    "image": "splash.jpg",
    "url": "resent-client",
    "new": false
  },
  {
    "name": "Retro Bowl",
    "image": "img/icon.jpg",
    "url": "retro-bowl",
    "new": false
  },
  {
    "name": "Riddle School",
    "image": "riddleschool.png",
    "url": "riddleschool",
    "new": false
  },
  {
    "name": "Riddle School 2",
    "image": "riddleschool2.png",
    "url": "riddleschool2",
    "new": false
  },
  {
    "name": "Riddle School 3",
    "image": "riddleschool3.png",
    "url": "riddleschool3",
    "new": false
  },
  {
    "name": "Riddle School 4",
    "image": "riddleschool4.png",
    "url": "riddleschool4",
    "new": false
  },
  {
    "name": "Riddle School 5",
    "image": "riddleschool5.png",
    "url": "riddleschool5",
    "new": false
  },
  {
    "name": "Riddle Transfer",
    "image": "riddletransfer.png",
    "url": "riddletransfer",
    "new": false
  },
  {
    "name": "Riddle Transfer 2",
    "image": "riddletransfer2.png",
    "url": "riddletransfer2",
    "new": false
  },
  {
    "name": "Rolling Forests",
    "image": "icon.png",
    "url": "rollingforests",
    "new": false
  },
  {
    "name": "Rolly Vortex",
    "image": "icon-256.png",
    "url": "rolly-vortex",
    "new": false
  },
  {
    "name": "Rooftop Snipers",
    "image": "img/thumb.png",
    "url": "rooftop-snipers",
    "new": false
  },
  {
    "name": "Ruffle",
    "image": "splash.png",
    "url": "ruffle",
    "new": false
  },
  {
    "name": "Spank The Monkey",
    "image": "spank-the-monkey.jpg",
    "url": "spank-the-monkey",
    "new": false
  },
  {
    "name": "Sand Game",
    "image": "sand-game.PNG",
    "url": "sand-game",
    "new": false
  },
  {
    "name": "Sandboxels",
    "image": "sandboxels.jpg",
    "url": "sandboxels",
    "new": false
  },
  {
    "name": "Santy is Home",
    "image": "splash.png",
    "url": "santy-is-home",
    "new": false
  },
  {
    "name": "Scrap Metal",
    "image": "img/splash.png",
    "url": "scrapmetal",
    "new": false
  },
  {
    "name": "Shell Shockers",
    "image": "img/favicon.png",
    "url": "shellshockers",
    "new": false
  },
  {
    "name": "Shot in the Dark",
    "image": "shot.png",
    "url": "shotinthedark",
    "new": false
  },
  {
    "name": "Shuttle Deck",
    "image": "splash.png",
    "url": "shuttledeck",
    "new": false
  },
  {
    "name": "Sky Car Stunt",
    "image": "512x512.jpg",
    "url": "sky-car-stunt",
    "new": false
  },
  {
    "name": "Sleeping Beauty",
    "image": "",
    "url": "splash.png",
    "new": false
  },
  {
    "name": "Slime Rush TD",
    "image": "splash.png",
    "url": "slime-rush-td",
    "new": false
  },
  {
    "name": "Slope",
    "image": "slope4.jpeg",
    "url": "slope",
    "new": false
  },
  {
    "name": "Slope 2",
    "image": "slope-2-logo.png",
    "url": "slope-2",
    "new": false
  },
  {
    "name": "Slope Ball",
    "image": "icon.jpg",
    "url": "slope-ball",
    "new": false
  },
  {
    "name": "Super Mario 64 (SM64)",
    "image": "logo.png",
    "url": "supermario64",
    "new": false
  },
  {
    "name": "Smash Karts",
    "image": "images/icon-512.png",
    "url": "smashkarts",
    "new": false
  },
  {
    "name": "Smoking Barrels",
    "image": "smokingbarrels.jpg",
    "url": "smokingbarrels",
    "new": false
  },
  {
    "name": "Snow Battle",
    "image": "img/logo.png",
    "url": "snowbattle",
    "new": false
  },
  {
    "name": "Soccer Random",
    "image": "splash.png",
    "url": "soccer-random",
    "new": false
  },
  {
    "name": "Soccer Skills",
    "image": "splash.png",
    "url": "soccer-skills",
    "new": false
  },
  {
    "name": "Soldier Legend",
    "image": "images/logo.jpg",
    "url": "soldierlegend",
    "new": false
  },
  {
    "name": "Solitaire",
    "image": "img/hover.jpg",
    "url": "solitaire",
    "new": false
  },
  {
    "name": "Sort the Court",
    "image": "img/splash.png",
    "url": "sort-the-court",
    "new": false
  },
  {
    "name": "Soundboard",
    "image": "img/mlg-favicon.png",
    "url": "soundboard",
    "new": false
  },
  {
    "name": "Space Company",
    "image": "whiteLogo.png",
    "url": "spacecompany",
    "new": false
  },
  {
    "name": "Space Garden",
    "image": "spl.png",
    "url": "spacegarden",
    "new": false
  },
  {
    "name": "Spinning Rat",
    "image": "favicon-32x32.png",
    "url": "spinningrat",
    "new": false
  },
  {
    "name": "Stack",
    "image": "stack.png",
    "url": "stack",
    "new": false
  },
  {
    "name": "Stack Bump 3D",
    "image": "thumbnail.jpg",
    "url": "stack-bump-3d",
    "new": false
  },
  {
    "name": "Starve",
    "image": "img/favicon.png",
    "url": "starve",
    "new": false
  },
  {
    "name": "Station 141",
    "image": "75wxYs.png",
    "url": "station-141",
    "new": false
  },
  {
    "name": "Stealing the Diamond",
    "image": "stealingthediamond.jpg",
    "url": "stealingthediamond",
    "new": false
  },
  {
    "name": "Stick Archers",
    "image": "splash.jpg",
    "url": "stick-archers",
    "new": false
  },
  {
    "name": "Stick Duel Battle",
    "image": "512x512.jpg",
    "url": "stick-duel-battle",
    "new": false
  },
  {
    "name": "Stick Merge",
    "image": "splash.png",
    "url": "stick-merge",
    "new": false
  },
  {
    "name": "Stickman Boost",
    "image": "icon-256.png",
    "url": "stickman-boost",
    "new": false
  },
  {
    "name": "Stickman Golf",
    "image": "splash.png",
    "url": "stickman-golf",
    "new": false
  },
  {
    "name": "Stickman Hook",
    "image": "unnamed.jpg",
    "url": "stickman-hook",
    "new": false
  },
  {
    "name": "Stick War",
    "image": "stickwar.jpg",
    "url": "stickwar",
    "new": false
  },
  {
    "name": "Storm the House 2",
    "image": "stormthehouse2.jpg",
    "url": "stormthehouse2",
    "new": false
  },
  {
    "name": "Subway Surfers",
    "image": "img/splash.jpg",
    "url": "subway-surfers",
    "new": false
  },
  {
    "name": "Subway Surfers NY",
    "image": "NewYorkIcon.png",
    "url": "subway-surfers-ny",
    "new": false
  },
  {
    "name": "Superhot",
    "image": "hot.jpg",
    "url": "superhot",
    "new": false
  },
  {
    "name": "Super Mario Construct",
    "image": "icons/icon-256.png",
    "url": "supermarioconstruct",
    "new": false
  },
  {
    "name": "Surviv",
    "image": "img/favicon.png",
    "url": "surviv",
    "new": false
  },
  {
    "name": "Sushi Unroll",
    "image": "favicon.png",
    "url": "sushi-unroll",
    "new": false
  },
  {
    "name": "Swerve",
    "image": "img/favicon.jpg",
    "url": "swerve",
    "new": false
  },
  {
    "name": "Synesthesia",
    "image": "index.splash.png",
    "url": "synesthesia",
    "new": false
  },
  {
    "name": "Tactical Weapon Pack 2",
    "image": "splash.jpg",
    "url": "tactical-weapon-pack-2",
    "new": false
  },
  {
    "name": "Tactical Assassin 2",
    "image": "tacticalassassin2.png",
    "url": "tacticalassasin2",
    "new": false
  },
  {
    "name": "Tank Trouble 2",
    "image": "tank.jpeg",
    "url": "tank-trouble-2",
    "new": false
  },
  {
    "name": "Tanuki Sunset",
    "image": "img/logo.png",
    "url": "tanukisunset",
    "new": false
  },
  {
    "name": "Temple Run 2",
    "image": "img/temple-run-2-256.png",
    "url": "templerun2",
    "new": false
  },
  {
    "name": "The Final Earth",
    "image": "images.png",
    "url": "thefinalearth",
    "new": false
  },
  {
    "name": "The Hotel",
    "image": "splash.png",
    "url": "thehotel",
    "new": false
  },
  {
    "name": "The Battle",
    "image": "thebattle.png",
    "url": "thebattle",
    "new": false
  },
  {
    "name": "The Heist",
    "image": "theheist.jpg",
    "url": "theheist",
    "new": false
  },
  {
    "name": "There Is No Game",
    "image": "logo.png",
    "url": "there-is-no-game",
    "new": false
  },
  {
    "name": "This Is the Only Level",
    "image": "thisistheonlylevel.png",
    "url": "thisistheonlylevel",
    "new": false
  },
  {
    "name": "Tiny Fishing",
    "image": "tiny-fishing.png",
    "url": "tiny-fishing",
    "new": false
  },
  {
    "name": "Tiny Islands",
    "image": "splash.png",
    "url": "tiny-islands",
    "new": false
  },
  {
    "name": "Toss the Turtle",
    "image": "tosstheturtle.png",
    "url": "tosstheturtle",
    "new": false
  },
  {
    "name": "Townscaper",
    "image": "img/cover.jpg",
    "url": "townscaper",
    "new": false
  },
  {
    "name": "Tube Jumpers",
    "image": "img/icon.jpg",
    "url": "tube-jumpers",
    "new": false
  },
  {
    "name": "Tunnel Rush",
    "image": "img/tunnel.jpg",
    "url": "tunnel-rush",
    "new": false
  },
  {
    "name": "TV Static",
    "image": "static.png",
    "url": "tv-static",
    "new": false
  },
  {
    "name": "Twitch Tetris",
    "image": "logo.png",
    "url": "twitch-tetris",
    "new": false
  },
  {
    "name": "Veloce",
    "image": "qN6zkD.png",
    "url": "veloce",
    "new": false
  },
  {
    "name": "Vex 3",
    "image": "vex3.png",
    "url": "vex3",
    "new": false
  },
  {
    "name": "Vex 4",
    "image": "vex4.png",
    "url": "vex4",
    "new": false
  },
  {
    "name": "Vex 5",
    "image": "vex.jpeg",
    "url": "vex5",
    "new": false
  },
  {
    "name": "Vex 6",
    "image": "assets/icon.png",
    "url": "vex6",
    "new": false
  },
  {
    "name": "Vex 7",
    "image": "assets/icon.png",
    "url": "vex7",
    "new": false
  },
  {
    "name": "Wall Smash",
    "image": "thumb.png",
    "url": "wallsmash",
    "new": false
  },
  {
    "name": "Waterworks",
    "image": "square.png",
    "url": "waterworks",
    "new": false
  },
  {
    "name": "WeaveSilk",
    "image": "thumb.png",
    "url": "weavesilk",
    "new": false
  },
  {
    "name": "WebGL Fluid Simulation",
    "image": "promo_back.png",
    "url": "webglfluidsimulation",
    "new": false
  },
  {
    "name": "WebRetro",
    "image": "",
    "url": "webretro",
    "new": false
  },
  {
    "name": "Win the White House",
    "image": "splash.png",
    "url": "win-the-whitehouse",
    "new": false
  },
  {
    "name": "Wolf 3D",
    "image": "art/wolf3d.png",
    "url": "wolf3d",
    "new": false
  },
  {
    "name": "Wordle",
    "image": "img/logo_512x512.png",
    "url": "wordle",
    "new": false
  },
  {
    "name": "World's Hardest Game",
    "image": "images/splash.jpg",
    "url": "worlds-hardest-game",
    "new": false
  },
  {
    "name": "World's Hardest Game 2",
    "image": "the-worlds-hardest-game-2.jpg",
    "url": "worlds-hardest-game-2",
    "new": false
  },
  {
    "name": "X-Trial Racing",
    "image": "splash.png",
    "url": "x-trial-racing",
    "new": false
  },
  {
    "name": "xx142-B2.exe",
    "image": "splash.png",
    "url": "xx142-b2exe",
    "new": false
  },
  {
    "name": "Yoshi Fabrication",
    "image": "icons/icon-512.png",
    "url": "yoshifabrication",
    "new": false
  },
  {
    "name": "You Are Bezos",
    "image": "img/banner.png",
    "url": "you-are-bezos",
    "new": false
  },
  {
    "name": "Zombs Royale",
    "image": "zomb.png",
    "url": "zombs-royale",
    "new": false
  }
]
